,gridID,Internet Activity Prediction
0,1,9952.919154515539
0,2,10007.809478855686
0,3,12864.899626276776
